Dominant,Zweitdominant,Ampel,Bedrohung-Eruptionswirkung,Intervention-Workshop,Strategisches Ziel,Dominanten Kombination,Entwicklungsrollen,Erfolgskriterien (KPI),Verantwortungsrollen,Zeitraum (1–12 Monate) 
A,E,ROT,"Zerstörerische Explosion: Hochintelligente Sabotage, offene Machtkämpfe, Projektabbruch",Rollen-Klärungs-Workshop+Executive Mediation,"Machtklarheit & Stabilität: Auflösung verdeckter Machtkämpfe, Wiederherstellung der Führungsfähigkeit",A-E-ROT,A → Mentor & Wissensanker / E → Beziehungs‑Gestalter,"Eskalationen ↓, Entscheidungszeit < 48h ",Geschäftsführung + HR + OE ,1–3 Monate
E,A,ROT,"Zerstörerische Explosion: Hochintelligente Sabotage, offene Machtkämpfe, Projektabbruch",Rollen-Klärungs-Workshop+Executive Mediation,"Machtklarheit & Stabilität: Auflösung verdeckter Machtkämpfe, Wiederherstellung der Führungsfähigkeit",E-A-ROT,E → Beziehungs‑Gestalter / A → Mentor & Wissensanker,"Eskalationen ↓, Entscheidungszeit < 48h ",Geschäftsführung + HR + OE ,1–3 Monate
A,F,ROT,"Systemischer Kollaps: Ausfall von Schlüsselpersonen (Burnout, Kündigung) ",Stop-Doing-Session+Ressourcen-Rebalancing,Resilienz & Kapazitätsaufbau: Entlastung als Voraussetzung für Veränderungsfähigkeit,A-F-ROT,A → Mentor & Wissensanker / F → Resilienz‑Champion,"Krankenstand ↓, Fokuszeiten ↑ ",HR + Teamleitung ,1–2 Monate
F,A,ROT,"Systemischer Kollaps: Ausfall von Schlüsselpersonen (Burnout, Kündigung) ",Stop-Doing-Session+Ressourcen-Rebalancing,Resilienz & Kapazitätsaufbau: Entlastung als Voraussetzung für Veränderungsfähigkeit,F-A-ROT,F → Resilienz‑Champion / A → Mentor & Wissensanker,"Krankenstand ↓, Fokuszeiten ↑ ",HR + Teamleitung ,1–2 Monate
A,D,ROT,Kulturelle Rebellion: Blockade des Neuen aus moralischem Pflichtgefühl,Culture-Heritage-Lab,Kulturelle Identität sichern: Werte in die neue Welt übersetzen,A-D-ROT,A → Mentor & Wissensanker / D → Werte‑Botschafter,"Kulturindex ↑, Konflikte ↓ ",Geschäftsführung + Kulturteam,2–4 Monate
D,A,ROT,Kulturelle Rebellion: Blockade des Neuen aus moralischem Pflichtgefühl,Culture-Heritage-Lab,Kulturelle Identität sichern: Werte in die neue Welt übersetzen,D-A-ROT,D → Werte‑Botschafter / A → Mentor & Wissensanker,"Kulturindex ↑, Konflikte ↓ ",Geschäftsführung + Kulturteam,2–4 Monate
E,F,ROT,"Burnout‑Eskalation: Leistungsdruck trifft Überlastung; Zusammenbruch, Rückzug, Fehler, Konflikte",Kapazitäts‑Reset; Ressourcen‑Rebalancing; Stop‑Doing; Erwartungs‑Alignment; psychologische Sicherheit,Nachhaltige Leistungsfähigkeit; klare Prioritäten; Balance zwischen Anspruch & Kapazität; stabile Belastbarkeit,E-F-ROT,E → Beziehungs‑Gestalter / F → Resilienz‑Champion,"Belastbarkeit ↑, Prioritätenklarheit ↑, Fehlerquote ↓",Führungskraft + HR + OE,3–6 Monate
F,E,ROT,"Burnout‑Eskalation: Leistungsdruck trifft Überlastung; Zusammenbruch, Rückzug, Fehler, Konflikte",Kapazitäts‑Reset; Ressourcen‑Rebalancing; Stop‑Doing; Erwartungs‑Alignment; psychologische Sicherheit,Nachhaltige Leistungsfähigkeit; klare Prioritäten; Balance zwischen Anspruch & Kapazität; stabile Belastbarkeit,F-E-ROT,F → Resilienz‑Champion / E → Beziehungs‑Gestalter,"Belastbarkeit ↑, Prioritätenklarheit ↑, Fehlerquote ↓",Führungskraft + HR + OE,3–6 Monate
B,D,GELB,"Zähflüssiger Lavafluss: Sarkasmus, Zynismus, Dienst nach Vorschrift",Insel-Design-Workshop,"Stabilität & psychologische Sicherheit: Routinen definieren, Druck reduzieren",B-D-GELB,B → Stabilitäts‑Architekt / D → Werte‑Botschafter,"Zufriedenheit ↑, Fluktuation ↓ ",Teamleitung + HR ,2–6 Monate
D,B,GELB,"Zähflüssiger Lavafluss: Sarkasmus, Zynismus, Dienst nach Vorschrift",Insel-Design-Workshop,"Stabilität & psychologische Sicherheit: Routinen definieren, Druck reduzieren",D-B-GELB,D → Werte‑Botschafter / B → Stabilitäts‑Architekt,"Zufriedenheit ↑, Fluktuation ↓ ",Teamleitung + HR ,2–6 Monate
A,C,GELB,"Schleichender Stillstand: Strategie wird logisch zerlegt, Belegschaft wird mitgerissen",Quality-Gate-Gremium ,Strategische Präzision: Nutzung der Expertise zur Verbesserung statt Blockade,A-C-GELB,A → Mentor & Wissensanker / C → Qualitäts‑Navigator,"Fehlerquote ↓, Strategie-Commitment ↑ ",Fachbereichsleitung + PMO,3–6 Monate
C,A,GELB,"Schleichender Stillstand: Strategie wird logisch zerlegt, Belegschaft wird mitgerissen",Quality-Gate-Gremium ,Strategische Präzision: Nutzung der Expertise zur Verbesserung statt Blockade,C-A-GELB,C → Qualitäts‑Navigator / A → Mentor & Wissensanker,"Fehlerquote ↓, Strategie-Commitment ↑ ",Fachbereichsleitung + PMO,3–6 Monate
A,B,GELB,"Innere Kündigung: Verlust von Kreativität, mechanisches Abarbeiten",Zukunfts-Tandem + Kompetenz-Pfad,Kompetenzaufbau & Selbstwirksamkeit: Wiederbelebung der Innovationskraft,A-B-GELB,A → Mentor & Wissensanker / B → Stabilitäts‑Architekt,"Lernfortschritt ↑, Innovationsrate ↑ ",HR + Teamleitung ,4–8 Monate 
B,A,GELB,"Innere Kündigung: Verlust von Kreativität, mechanisches Abarbeiten",Zukunfts-Tandem + Kompetenz-Pfad,Kompetenzaufbau & Selbstwirksamkeit: Wiederbelebung der Innovationskraft,B-A-GELB,B → Stabilitäts‑Architekt / A → Mentor & Wissensanker,"Lernfortschritt ↑, Innovationsrate ↑ ",HR + Teamleitung ,4–8 Monate 
C,E,GELB,Lähmender Prozessstau: Politische Scheindebatten blockieren Entscheidungen,Moderierte Entscheidungs-Foren,Entscheidungsfähigkeit stärken: Trennung von Logik & Politik,C-E-GELB,C → Qualitäts‑Navigator / E → Beziehungs‑Gestalter,"Entscheidungsdauer ↓, Meetingzeit ↓ ",Führungsteam + PMO,1–4 Monate 
E,C,GELB,Lähmender Prozessstau: Politische Scheindebatten blockieren Entscheidungen,Moderierte Entscheidungs-Foren,Entscheidungsfähigkeit stärken: Trennung von Logik & Politik,E-C-GELB,E → Beziehungs‑Gestalter / C → Qualitäts‑Navigator,"Entscheidungsdauer ↓, Meetingzeit ↓ ",Führungsteam + PMO,1–4 Monate 
E,D,GELB,"Status kollidiert mit Kulturwerten: verdeckte Loyalitätskonflikte, Missverständnisse, sinkende Kohäsion","Werte‑Alignment, Rollenklärung, Teamnormen‑Workshop, Feedback‑Rituale, moderierter Dialog",Balance zwischen Anerkennung & Kultur; psychologische Sicherheit; kohärentes Team,E-D-GELB,E → Beziehungs‑Gestalter / D → Werte‑Botschafter,"Missverständnisse ↓, Teamkohäsion ↑",Führungskraft + Kulturteam,2–5 Monate
D,E,GELB,"Status kollidiert mit Kulturwerten: verdeckte Loyalitätskonflikte, Missverständnisse, sinkende Kohäsion","Werte‑Alignment, Rollenklärung, Teamnormen‑Workshop, Feedback‑Rituale, moderierter Dialog",Balance zwischen Anerkennung & Kultur; psychologische Sicherheit; kohärentes Team,D-E-GELB,D → Werte‑Botschafter / E → Beziehungs‑Gestalter,"Missverständnisse ↓, Teamkohäsion ↑",Führungskraft + Kulturteam,2–5 Monate
D,C,GELB,"Verzögerungen durch Konflikt zwischen Logik und Kultur; unterschwellige Spannungen, Misstrauen, Abwertung",Sense‑Making & Entscheidungs‑Alignment; Rollenklärung; gemeinsame Entscheidungsprinzipien; Teamnormen‑Workshop,Integration von Logik & Kultur; respektvolle Entscheidungsprozesse; klare Prinzipien; kohärente Teamidentität,D-C-GELB,D → Werte‑Botschafter / C → Qualitäts‑Navigator,"Entscheidungsqualität ↑, Spannungen ↓",Führungsteam + PMO,3–6 Monate
C,D,GELB,"Verzögerungen durch Konflikt zwischen Logik und Kultur; unterschwellige Spannungen, Misstrauen, Abwertung",Sense‑Making & Entscheidungs‑Alignment; Rollenklärung; gemeinsame Entscheidungsprinzipien; Teamnormen‑Workshop,Integration von Logik & Kultur; respektvolle Entscheidungsprozesse; klare Prinzipien; kohärente Teamidentität,C-D-GELB,C → Qualitäts‑Navigator / D → Werte‑Botschafter,"Entscheidungsqualität ↑, Spannungen ↓",Führungsteam + PMO,3–6 Monate
B,E,GELB,Showcase‑Spannung: Kreativität wird durch Statusdruck verzerrt; Frust & Rückzug,Creative‑Impact‑Alignment; Rollenklärung; Schutzräume für Kreativität,Balance zwischen Kreativität & Anerkennung; echte Wirksamkeit,B-E-GELB,B → Stabilitäts‑Architekt / E → Beziehungs‑Gestalter,"Anerkennungsklarheit ↑, Frustration ↓",Führungskraft + OE,2–4 Monate
E,B,GELB,Showcase‑Spannung: Kreativität wird durch Statusdruck verzerrt; Frust & Rückzug,Creative‑Impact‑Alignment; Rollenklärung; Schutzräume für Kreativität,Balance zwischen Kreativität & Anerkennung; echte Wirksamkeit,E-B-GELB,E → Beziehungs‑Gestalter / B → Stabilitäts‑Architekt,"Anerkennungsklarheit ↑, Frustration ↓",Führungskraft + OE,2–4 Monate
B,F,GELB,Kreativitäts‑Erosion: Erschöpfung bremst Ideen; Frust & Rückzug,Ressourcen‑Rebalancing; Stop‑Doing; geschützte Kreativphasen,Nachhaltige Kreativität & stabile Kapazitäten,B-F-GELB,B → Stabilitäts‑Architekt / F → Resilienz‑Champion,"Erschöpfung ↓, Ideenrate ↑",HR + OE,2–5 Monate
F,B,GELB,Kreativitäts‑Erosion: Erschöpfung bremst Ideen; Frust & Rückzug,Ressourcen‑Rebalancing; Stop‑Doing; geschützte Kreativphasen,Nachhaltige Kreativität & stabile Kapazitäten,F-B-GELB,F → Resilienz‑Champion / B → Stabilitäts‑Architekt,"Erschöpfung ↓, Ideenrate ↑",HR + OE,2–5 Monate
D,F,GELB,Loyalitäts‑Überlastung: Pflichtgefühl kollidiert mit Erschöpfung; Schuld & Überforderung,Team‑Care; Rollenklärung; gesunde Teamnormen,Psychologische Sicherheit & Belastbarkeit,D-F-GELB,D → Werte‑Botschafter / F → Resilienz‑Champion,"Belastbarkeit ↑, Loyalitätskonflikte ↓",Führungskraft + HR,3–6 Monate
F,D,GELB,Loyalitäts‑Überlastung: Pflichtgefühl kollidiert mit Erschöpfung; Schuld & Überforderung,Team‑Care; Rollenklärung; gesunde Teamnormen,Psychologische Sicherheit & Belastbarkeit,F-D-GELB,F → Resilienz‑Champion / D → Werte‑Botschafter,"Belastbarkeit ↑, Loyalitätskonflikte ↓",Führungskraft + HR,3–6 Monate
B,C,GRÜN,Produktive Spannung: Kreativität trifft Logik; keine Eskalation,Innovation‑Sprint; Struktur‑Co‑Creation,Synergie von Kreativität & Logik,B-C-GRÜN,B → Stabilitäts‑Architekt / C → Qualitäts‑Navigator,"Innovationsrate ↑, Entscheidungsqualität ↑",Teamleitung + PMO,2–4 Monate
C,B,GRÜN,Produktive Spannung: Kreativität trifft Logik; keine Eskalation,Innovation‑Sprint; Struktur‑Co‑Creation,Synergie von Kreativität & Logik,C-B-GRÜN,C → Qualitäts‑Navigator / B → Stabilitäts‑Architekt,"Innovationsrate ↑, Entscheidungsqualität ↑",Teamleitung + PMO,2–4 Monate
F,C,GRÜN,"Verzögerungen: Deadlines reißen, aber keine Sabotage",Kapazitäts-Check + Priorisierungs-Sprint,Realistische Planung: Zeitpuffer & Ressourcen für nachhaltige Umsetzung,F-C-GRÜN,F → Resilienz‑Champion / C → Qualitäts‑Navigator,"Termintreue ↑, Überstunden ↓ ",Teamleitung + PMO,1–3 Monate 
C,F,GRÜN,"Verzögerungen: Deadlines reißen, aber keine Sabotage",Kapazitäts-Check + Priorisierungs-Sprint,Realistische Planung: Zeitpuffer & Ressourcen für nachhaltige Umsetzung,C-F-GRÜN,C → Qualitäts‑Navigator / F → Resilienz‑Champion,"Termintreue ↑, Überstunden ↓ ",Teamleitung + PMO,1–3 Monate 